{
  "project_info": {
    "project_number": "336556754150",
    "firebase_url": "https://cancerdetectionapp2024-default-rtdb.firebaseio.com",
    "project_id": "cancerdetectionapp2024",
    "storage_bucket": "cancerdetectionapp2024.firebasestorage.app"
  },
  "client": [
    {
      "client_info": {
        "mobilesdk_app_id": "1:336556754150:android:130de5f202ceaba7536727",
        "android_client_info": {
          "package_name": "com.example.campusnavigator"
        }
      },
      "oauth_client": [],
      "api_key": [
        {
          "current_key": "AIzaSyClpMdWafL61lBiykQYcasMWghhlEZKRPc"
        }
      ],
      "services": {
        "appinvite_service": {
          "other_platform_oauth_client": []
        }
      }
    },
    {
      "client_info": {
        "mobilesdk_app_id": "1:336556754150:android:ff5e0b3ebef2b102536727",
        "android_client_info": {
          "package_name": "com.example.maintenancerepairingservice"
        }
      },
      "oauth_client": [],
      "api_key": [
        {
          "current_key": "AIzaSyClpMdWafL61lBiykQYcasMWghhlEZKRPc"
        }
      ],
      "services": {
        "appinvite_service": {
          "other_platform_oauth_client": []
        }
      }
    },
    {
      "client_info": {
        "mobilesdk_app_id": "1:336556754150:android:8389cfccd5055830536727",
        "android_client_info": {
          "package_name": "com.example.melanoretectai"
        }
      },
      "oauth_client": [],
      "api_key": [
        {
          "current_key": "AIzaSyClpMdWafL61lBiykQYcasMWghhlEZKRPc"
        }
      ],
      "services": {
        "appinvite_service": {
          "other_platform_oauth_client": []
        }
      }
    }
  ],
  "configuration_version": "1"
}